{"cameraMode":{"drawMode":0,"name":"Shaded","section":"Shading Mode"},"sceneLighting":true,"audioPlay":false,"sceneViewState":{"m_AlwaysRefresh":false,"showFog":true,"showSkybox":true,"showFlares":true,"showImageEffects":true,"showParticleSystems":true,"showVisualEffectGraphs":true,"m_FxEnabled":true},"in2DMode":false,"pivot":{"x":-1.9479215145111085,"y":0.3288838267326355,"z":-2.402383327484131},"rotation":{"x":-0.3074066936969757,"y":0.07790809869766236,"z":-0.025035127997398378,"w":-0.9481441974639893},"size":20.556903839111329,"orthographic":false}