{"cameraMode":{"drawMode":0,"name":"Shaded","section":"Shading Mode"},"sceneLighting":true,"audioPlay":false,"sceneViewState":{"m_AlwaysRefresh":false,"showFog":true,"showSkybox":true,"showFlares":true,"showImageEffects":true,"showParticleSystems":true,"showVisualEffectGraphs":true,"m_FxEnabled":true},"in2DMode":false,"pivot":{"x":8.62356948852539,"y":-0.5542013645172119,"z":0.6058366298675537},"rotation":{"x":0.05347009375691414,"y":-0.8429012894630432,"z":0.08526021242141724,"w":0.528581440448761},"size":0.18795937299728394,"orthographic":false}