{"cameraMode":{"drawMode":0,"name":"Shaded","section":"Shading Mode"},"sceneLighting":true,"audioPlay":false,"sceneViewState":{"m_AlwaysRefresh":false,"showFog":true,"showSkybox":true,"showFlares":true,"showImageEffects":true,"showParticleSystems":true,"showVisualEffectGraphs":true,"m_FxEnabled":true},"in2DMode":false,"pivot":{"x":-0.04199981689453125,"y":6.927000045776367,"z":-0.13700008392333985},"rotation":{"x":0.15120799839496613,"y":0.4505906105041504,"z":0.07807554304599762,"w":-0.8764632344245911},"size":9.030771255493164,"orthographic":false}