{"cameraMode":{"drawMode":0,"name":"Shaded","section":"Shading Mode"},"sceneLighting":true,"audioPlay":false,"sceneViewState":{"m_AlwaysRefresh":false,"showFog":true,"showSkybox":false,"showFlares":true,"showImageEffects":true,"showParticleSystems":true,"showVisualEffectGraphs":true,"m_FxEnabled":true},"in2DMode":false,"pivot":{"x":0.15000009536743165,"y":0.30000007152557375,"z":0.09999990463256836},"rotation":{"x":-0.0484561063349247,"y":0.0736580640077591,"z":-0.0036313014570623638,"w":-0.9961380362510681},"size":2.1822450160980226,"orthographic":false}